ID;Согласовано;Раздел документа;Содержание;Порядковыи? номер;Дата ввода требования в действие;Дата отмены или приостановки требования;Статус требования;Реестр НТД;Вид номера;Раздел реестра;Требование безопасности;Конструктор;Триггер избранного;Создавший пользователь;ЮИН;Изменено;Дата публикации в реестре требований
175657;Ложь;;"<p>5.1 Части высотных зданий (комплексов), относящихся к различным классам функциональной пожарной опасности, следует выделять противопожарными преградами (стены, перекрытия) в самостоятельные пожарные отсеки.</p><p>Деление на пожарные отсеки следует осуществлять противопожарными стенами и (или) противопожарными перекрытиями 1-го типа с повышенными пределами огнестойкости согласно таблице 6.1 или техническими этажами, выделенными противопожарными перекрытиями. Деление на пожарные секции может проводиться другими типами противопожарных преград, в т.ч. в виде объемных элементов здания или иного инженерного решения, согласно [2].</p><p>Технический этаж или каждая его часть, а также техническое пространство в соответствии с заданием на проектирование должны входить в состав одного из пожарных отсеков либо быть выделенными в отдельный пожарный отсек.</p><p>Технический этаж, а также техническое пространство многоквартирного высотного жилого здания (полностью или частично) следует использовать для размещения сетей и систем инженерно-технического обеспечения здания, комплекса, в т.ч. оборудования для смежных вертикальных пожарных отсеков. При размещении в их части нежилых помещений их следует выделять противопожарными стенами, перекрытиями 1-го типа; при этом допускается их относить к одному из смежных вертикальных пожарных отсеков.</p>";;03.09.2024;;В разработке;Здания и комплексы высотные. Требования пожарной безопасности (с изменением № 1);;Требования технических регламентов;;;Ложь;Рудой Роман Александрович;175657;Истина;
175658;Ложь;;"<p>5.2 Наибольшая площадь надземного этажа в пределах пожарного отсека в зависимости от класса функциональной пожарной опасности помещений (кроме стилобатной части) должна быть:</p><p>- до 1500 м<span class=""ql-formula"" data-value=""^2"">?<span contenteditable=""false""><span class=""katex""><span class=""katex-mathml""><math xmlns=""http://www.w3.org/1998/Math/MathML""><semantics><mrow><msup><mrow></mrow><mn>2</mn></msup></mrow><annotation encoding=""application/x-tex"">^2</annotation></semantics></math></span><span class=""katex-html"" aria-hidden=""true""><span class=""base""><span class=""strut"" style=""height: 0.8141em;""></span><span class=""mord""><span class=""""></span><span class=""msupsub""><span class=""vlist-t""><span class=""vlist-r""><span class=""vlist"" style=""height: 0.8141em;""><span class="""" style=""top: -3.063em; margin-right: 0.05em;""><span class=""pstrut"" style=""height: 2.7em;""></span><span class=""sizing reset-size6 size3 mtight""><span class=""mord mtight"">2</span></span></span></span></span></span></span></span></span></span></span></span>?</span>  - для класса Ф1.2 (гостиниц, общежитий);</p><p>- до 2000 м<span class=""ql-formula"" data-value=""^2"">?<span contenteditable=""false""><span class=""katex""><span class=""katex-mathml""><math xmlns=""http://www.w3.org/1998/Math/MathML""><semantics><mrow><msup><mrow></mrow><mn>2</mn></msup></mrow><annotation encoding=""application/x-tex"">^2</annotation></semantics></math></span><span class=""katex-html"" aria-hidden=""true""><span class=""base""><span class=""strut"" style=""height: 0.8141em;""></span><span class=""mord""><span class=""""></span><span class=""msupsub""><span class=""vlist-t""><span class=""vlist-r""><span class=""vlist"" style=""height: 0.8141em;""><span class="""" style=""top: -3.063em; margin-right: 0.05em;""><span class=""pstrut"" style=""height: 2.7em;""></span><span class=""sizing reset-size6 size3 mtight""><span class=""mord mtight"">2</span></span></span></span></span></span></span></span></span></span></span></span>?</span>  - для класса Ф1.3 (жилых помещений, в т.ч. общежитий квартирного типа);</p><p>- до 2500 м<span class=""ql-formula"" data-value=""^2"">?<span contenteditable=""false""><span class=""katex""><span class=""katex-mathml""><math xmlns=""http://www.w3.org/1998/Math/MathML""><semantics><mrow><msup><mrow></mrow><mn>2</mn></msup></mrow><annotation encoding=""application/x-tex"">^2</annotation></semantics></math></span><span class=""katex-html"" aria-hidden=""true""><span class=""base""><span class=""strut"" style=""height: 0.8141em;""></span><span class=""mord""><span class=""""></span><span class=""msupsub""><span class=""vlist-t""><span class=""vlist-r""><span class=""vlist"" style=""height: 0.8141em;""><span class="""" style=""top: -3.063em; margin-right: 0.05em;""><span class=""pstrut"" style=""height: 2.7em;""></span><span class=""sizing reset-size6 size3 mtight""><span class=""mord mtight"">2</span></span></span></span></span></span></span></span></span></span></span></span>?</span>  - в остальных случаях.</p><p><br></p>";;03.09.2024;;В разработке;Здания и комплексы высотные. Требования пожарной безопасности (с изменением № 1);;Требования технических регламентов;;;Ложь;Рудой Роман Александрович;175658;Истина;
175659;Ложь;;<p>5.3 Высота нижнего пожарного отсека надземной части здания, комплекса не должна превышать: предназначенного для размещения жилых помещений класса функциональной пожарной опасности Ф1.3 - 75 м, для размещения общественных помещений других классов функциональной пожарной опасности - 50 м. Высоту каждого из вышерасположенных пожарных отсеков следует принимать не более 50 м.</p><p>Высота здания определяется согласно СП 1.13130.</p><p>Допустимую высоту (этажность) пожарных отсеков различных классов функциональной пожарной опасности (за исключением Ф1.3) следует принимать согласно СП 2.13130, как для соответствующих зданий степени огнестойкости I класса конструктивной пожарной опасности С0, при соблюдении требований 5.1 настоящего свода правил.</p><p>В высотных зданиях, комплексах не размещаются помещения классов функциональной пожарной опасности Ф1.1, Ф4.1.</p><p><br></p>;;03.09.2024;;В разработке;Здания и комплексы высотные. Требования пожарной безопасности (с изменением № 1);;Требования технических регламентов;;;Ложь;Рудой Роман Александрович;175659;Истина;
175660;Ложь;;"<p>5.4 Стилобат в составе высотных зданий, комплексов может предусматриваться многофункционального назначения или иного класса функциональной пожарной опасности по отношению к основному зданию. Стилобат должен выделяться в самостоятельный пожарный отсек площадью до 3000 м<span class=""ql-formula"" data-value=""^2"">?<span contenteditable=""false""><span class=""katex""><span class=""katex-mathml""><math xmlns=""http://www.w3.org/1998/Math/MathML""><semantics><mrow><msup><mrow></mrow><mn>2</mn></msup></mrow><annotation encoding=""application/x-tex"">^2</annotation></semantics></math></span><span class=""katex-html"" aria-hidden=""true""><span class=""base""><span class=""strut"" style=""height: 0.8141em;""></span><span class=""mord""><span class=""""></span><span class=""msupsub""><span class=""vlist-t""><span class=""vlist-r""><span class=""vlist"" style=""height: 0.8141em;""><span class="""" style=""top: -3.063em; margin-right: 0.05em;""><span class=""pstrut"" style=""height: 2.7em;""></span><span class=""sizing reset-size6 size3 mtight""><span class=""mord mtight"">2</span></span></span></span></span></span></span></span></span></span></span></span>?</span> или состоять из нескольких пожарных отсеков площадью до 3000 м<span class=""ql-formula"" data-value=""^2"">?<span contenteditable=""false""><span class=""katex""><span class=""katex-mathml""><math xmlns=""http://www.w3.org/1998/Math/MathML""><semantics><mrow><msup><mrow></mrow><mn>2</mn></msup></mrow><annotation encoding=""application/x-tex"">^2</annotation></semantics></math></span><span class=""katex-html"" aria-hidden=""true""><span class=""base""><span class=""strut"" style=""height: 0.8141em;""></span><span class=""mord""><span class=""""></span><span class=""msupsub""><span class=""vlist-t""><span class=""vlist-r""><span class=""vlist"" style=""height: 0.8141em;""><span class="""" style=""top: -3.063em; margin-right: 0.05em;""><span class=""pstrut"" style=""height: 2.7em;""></span><span class=""sizing reset-size6 size3 mtight""><span class=""mord mtight"">2</span></span></span></span></span></span></span></span></span></span></span></span>?</span> каждый, за исключением случаев, когда суммарная площадь этажа основного здания и стилобата не превышает допустимой площади этажа в пределах пожарного отсека, и смежные помещения вышерасположенного этажа здания и стилобата относятся к одному классу функциональной пожарной опасности.</p><p>В соответствии с заданием на проектирование во встроенно-пристроенной части высотных комплексов допускается размещение дошкольных образовательных организаций, а также образовательных организаций класса Ф4.1 с соблюдением требований СП 118.13330, СП 252.1325800 и выделением соответствующих групп помещений в отдельный пожарный отсек.</p><p>Эксплуатируемая крыша пристроенной части (стилобата) высотного здания должна выполняться в соответствии с требованиями СП 17.13330. При этом допускается предусматривать укладку по защитному слою из негорючих материалов функционального покрытия класса пожарной опасности не ниже Г1, В1, РП1.</p>";;03.09.2024;;В разработке;Здания и комплексы высотные. Требования пожарной безопасности (с изменением № 1);;Требования технических регламентов;;;Ложь;Рудой Роман Александрович;175660;Истина;
175661;Ложь;;<p>5.5 В высотных зданиях зальные помещения в соответствии с требованиями СП 2.13130.2020 (таблица 6.14) с числом мест от 300 до 600 должны располагаться на высоте не более 12 м, с числом мест до 300 - не более 50 м.</p><p>Вместимость зальных помещений, а также расчетное число людей на смотровых и иных площадках на покрытии жилых и общественных зданий высотой более 50 м не должны превышать 100 чел.</p>;;03.09.2024;;В разработке;Здания и комплексы высотные. Требования пожарной безопасности (с изменением № 1);;Требования технических регламентов;;;Ложь;Рудой Роман Александрович;175661;Истина;
175662;Ложь;;<p>5.8 Безопасные зоны должны предусматриваться в соответствии с [2], СП 1.13130, СП 59.13330 и разделом 8.</p><p>При этом помещение БЗ должно отделяться от других помещений, коридоров строительными конструкциями с пределами огнестойкости не менее пределов огнестойкости внутренних стен лестничных клеток по таблице 6.1. Предел огнестойкости дверей пожаробезопасной зоны должен предусматриваться не менее EI 60.</p><p>В случае расположения пожаробезопасной зоны смежно с эвакуационной лестничной клеткой следует предусматривать их разделение противопожарной перегородкой 1-го типа.</p><p><br></p>;;03.09.2024;;В разработке;Здания и комплексы высотные. Требования пожарной безопасности (с изменением № 1);;Требования технических регламентов;;;Ложь;Рудой Роман Александрович;175662;Истина;
175663;Ложь;;"<p>5.9 Атриумы (пассажи) следует предусматривать согласно заданию на проектирование в пределах нижнего пожарного отсека надземной части здания или во встроенно-пристроенной части (стилобате).</p><p>Проектирование в здании, комплексе одного или нескольких атриумов, в т.ч. с устройством в его объеме открытых лестниц, траволаторов, эскалаторов, панорамных лифтов и др., а также помещений с открытыми проемами на галереях следует предусматривать при выполнении следующих требований:</p><p>- атриум должен располагаться в объеме одного пожарного отсека, в проемах междуэтажных перекрытий которого могут размещаться эскалаторы, открытые лестницы и лифты (в т.ч. панорамные);</p><p>- ограждающие конструкции помещений и коридоров, в местах примыкания к атриуму, должны быть с пределом огнестойкости не менее EI (EIW) 60 или из закаленного стекла толщиной не менее 6 мм с ненормируемыми пределами огнестойкости с установкой спринклерных оросителей АУП, обеспечивающих их орошение и расположенных со стороны прилегающих помещений (коридоров) не далее 0,5 м от перегородки с шагом не более 2 м;</p><p>- в открытых проемах, ведущих в атриум, включая открытые проемы эскалаторов и помещений на галереях, устройство опускающихся при пожаре противодымных штор, экранов, занавесов с пределом огнестойкости не менее E45, которые должны быть оборудованы автоматическими и дистанционно управляемыми приводами (без термоэлементов) или стационарными противодымными экранами. Рабочая высота выпускаемых штор (экранов, занавесов) должна быть не менее толщины образующегося при пожаре дымового слоя, что следует определить расчетными методами на стадии проектирования; при этом их нижняя граница должна располагаться на высоте не менее 2,5 м от отметки пола;</p><p>- площадь этажа в пределах пожарного отсека с атриумом определяется в соответствии с 5.2</p><p>- устройство системы вытяжной ПДВ из объема атриума допускается предусматривать с естественным побуждением при соответствующем расчетном обосновании;</p><p>- светопрозрачное заполнение в покрытии атриума следует выполнять из негорючих материалов. Допускается применение светопрозрачных материалов группы горючести не ниже Г1, не образующих горячих капель и расплавов;</p><p>- для пожаротушения в атриумном пространстве спринклерные оросители АУП допускается устанавливать под выступающими конструкциями междуэтажных перекрытий, балконов (в т.ч. с эскалаторами, траволаторами, лифтами и др.) на расстоянии не более 0,5 м от края проема и с шагом 1,5 - 2 м (без установки спринклерных оросителей в уровне остекленного покрытия атриума). При этом должно обеспечиваться орошение всех поверхностей атриума с требуемой интенсивностью.</p>";;03.09.2024;;В разработке;Здания и комплексы высотные. Требования пожарной безопасности (с изменением № 1);;Требования технических регламентов;;;Ложь;Рудой Роман Александрович;175663;Истина;
175664;Ложь;;<p>5.10 Кладовые, книгохранилища, архивы допускается размещать на высоте не более 50 м, а также под помещениями, в которых находятся не более 50 чел.</p>;;03.09.2024;;В разработке;Здания и комплексы высотные. Требования пожарной безопасности (с изменением № 1);;Требования технических регламентов;;;Ложь;Рудой Роман Александрович;175664;Истина;
175665;Ложь;;<p>5.11 В пределах высотного здания, комплекса размещать взрывоопасные помещения категорий А и Б не допускается.</p>;;03.09.2024;;В разработке;Здания и комплексы высотные. Требования пожарной безопасности (с изменением № 1);;Требования технических регламентов;;;Ложь;Рудой Роман Александрович;175665;Истина;
175666;Ложь;;<p>5.12 Трансформаторы встроенных и (или) пристроенных подстанций высотных зданий, комплексов должны быть сухими или с негорючим заполнителем и размещаться на первом, цокольном, первом подземном или любом из технических этажей.Трансформаторные подстанции должны выделяться строительными конструкциями с пределом огнестойкости согласно 6.1.</p>;;03.09.2024;;В разработке;Здания и комплексы высотные. Требования пожарной безопасности (с изменением № 1);;Требования технических регламентов;;;Ложь;Рудой Роман Александрович;175666;Истина;
175667;Ложь;;<p>5.13 Выходы из лифтов на этажах следует предусматривать через лифтовые холлы, которые должны отделяться от примыкающих коридоров и помещений противопожарными перегородками, в т.ч. остекленными, согласно таблице 6.1.</p>;;03.09.2024;;В разработке;Здания и комплексы высотные. Требования пожарной безопасности (с изменением № 1);;Требования технических регламентов;;;Ложь;Рудой Роман Александрович;175667;Истина;
175668;Ложь;;<p>5.14 Пределы огнестойкости конструкций шахт и машинных отделений лифтов должны соответствовать требованиям таблицы 6.1.</p>;;03.09.2024;;В разработке;Здания и комплексы высотные. Требования пожарной безопасности (с изменением № 1);;Требования технических регламентов;;;Ложь;Рудой Роман Александрович;175668;Истина;
175669;Ложь;;"<p>5.17 Техническое пространство высотного здания используют для прокладки сетей инженерно-технического обеспечения с размещением оборудования, работающего в автоматическом режиме без постоянного присутствия персонала службы эксплуатации. При этом:</p><p>- техническое пространство отделяется от этажей строительными конструкциями с пределом огнестойкости междуэтажных перекрытий или противопожарными стенами и (или) перекрытиями с пределом огнестойкости REI 240, если пространство разделяет объект на пожарные отсеки;</p><p>- техническое пространство при наличии горючих материалов (за исключением: кабелей, не распространяющих горение, трубопроводов систем канализации, водоснабжения и систем холодоснабжения, выполненных из полимерных материалов или с применением таких изоляционных материалов, воздуховодов и трубопроводов, относящихся к материалам группы горючести не выше Г1) оборудуется системами противопожарной защиты (внутреннего противопожарного водопровода, системами пожарной сигнализации, автоматической установкой пожаротушения). Допускается обеспечивать защиту технического пространства спринклерными оросителями, запитанными от сети внутреннего противопожарного водопровода с установкой сигнализаторов потока жидкости с параметрами (интенсивность орошения, расход воды, время работы, минимальная площадь, расстояние между оросителями) согласно СП 485.1311500 по 1-й группе помещений. При отсутствии в пространствах горючих материалов, за исключением вышеизложенных, указанные пространства оборудовать только системой автоматической пожарной сигнализации. Хранение горючих веществ и материалов в указанных пространствах не допускается.</p><p><br></p>";;03.09.2024;;В разработке;Здания и комплексы высотные. Требования пожарной безопасности (с изменением № 1);;Требования технических регламентов;;;Ложь;Рудой Роман Александрович;175669;Истина;
175670;Ложь;;"<p>5.18&nbsp;Системы противопожарной защиты, инженерные системы и оборудование встроенных (пристроенных) в высотное здание и комплекс стоянок автомобилей следует предусматривать с учетом требований СП 3.13130, СП 6.13130, СП 7.13130, СП 10.13130, СП 30.13330, СП 60.13330, СП 113.13330, СП 484.1311500, СП 485.1311500 и СП 486.1311500.</p><p>Предел огнестойкости конструкций, допустимую этажность и площадь этажа в пределах пожарного отсека для встроенных (пристроенных) в высотное здание и комплекс стоянок автомобилей следует принимать в соответствии с требованиями СП 2.13130.</p>";;03.09.2024;;В разработке;Здания и комплексы высотные. Требования пожарной безопасности (с изменением № 1);;Требования технических регламентов;;;Ложь;Рудой Роман Александрович;175670;Истина;
175680;Ложь;;"<p>6.1 Пределы огнестойкости строительных конструкций должны быть не менее указанных в таблице 6.1, с учетом требований СП 2.13130.</p><p><br></p><p>Таблица 6.1</p><p>Пределы огнестойкости строительных конструкций</p><p><br></p><table table_id=""6dh2jne235o""><tr row_id=""butyd304fd6""><td class=""td-q"" table_id=""6dh2jne235o"" row_id=""butyd304fd6"" cell_id=""q49qyykzckm"" rowspan=""3""><p class=""ql-align-center"">Наименование конструкций (элементов зданий)</p></td><td class=""td-q"" table_id=""6dh2jne235o"" row_id=""butyd304fd6"" cell_id=""ffl7f51smg"" colspan=""3""><p class=""ql-align-center"">Минимальный предел огнестойкости, мин</p></td><td class=""td-q"" table_id=""6dh2jne235o"" row_id=""butyd304fd6"" cell_id=""7emayb39kyi"" merge_id=""ffl7f51smg""><p><br></p></td><td class=""td-q"" table_id=""6dh2jne235o"" row_id=""butyd304fd6"" cell_id=""roev4x8z74n"" merge_id=""ffl7f51smg""><p><br></p></td></tr><tr row_id=""8o04g328t2a""><td class=""td-q"" table_id=""6dh2jne235o"" row_id=""8o04g328t2a"" cell_id=""nazikkstcy"" merge_id=""q49qyykzckm""><p><br></p></td><td class=""td-q"" table_id=""6dh2jne235o"" row_id=""8o04g328t2a"" cell_id=""57714bjttou"" colspan=""3""><p class=""ql-align-center"">Высота здания, м</p></td><td class=""td-q"" table_id=""6dh2jne235o"" row_id=""8o04g328t2a"" cell_id=""d3tjt4uun8d"" merge_id=""57714bjttou""><p><br></p></td><td class=""td-q"" table_id=""6dh2jne235o"" row_id=""8o04g328t2a"" cell_id=""aju9zm0dmgq"" merge_id=""57714bjttou""><p><br></p></td></tr><tr row_id=""ij78l5eqjrj""><td class=""td-q"" table_id=""6dh2jne235o"" row_id=""ij78l5eqjrj"" cell_id=""p2lahlwtyoi"" merge_id=""q49qyykzckm""><p><br></p></td><td class=""td-q"" table_id=""6dh2jne235o"" row_id=""ij78l5eqjrj"" cell_id=""0x09dgmsoau""><p class=""ql-align-center"">До 100 (включ.)</p></td><td class=""td-q"" table_id=""6dh2jne235o"" row_id=""ij78l5eqjrj"" cell_id=""lgbwk6yowxb""><p class=""ql-align-center"">Более 100 до 150 (включ.)</p></td><td class=""td-q"" table_id=""6dh2jne235o"" row_id=""ij78l5eqjrj"" cell_id=""enju4mscu6b""><p class=""ql-align-center"">Более 150</p></td></tr><tr row_id=""thyrxjwe6xh""><td class=""td-q"" table_id=""6dh2jne235o"" row_id=""thyrxjwe6xh"" cell_id=""4pxe3umy6ds""><p>1 Несущие колонны, стены, связи, диафрагмы жесткости, фермы, элементы перекрытий и бесчердачных покрытий (балки, ригели, плиты, настилы) <a href=""about:blank"" rel=""noopener noreferrer"" target=""_blank"" style=""color: windowtext;"">&lt;*&gt;</a></p></td><td class=""td-q"" table_id=""6dh2jne235o"" row_id=""thyrxjwe6xh"" cell_id=""mg85w8jod2l""><p class=""ql-align-center"">R 150</p></td><td class=""td-q"" table_id=""6dh2jne235o"" row_id=""thyrxjwe6xh"" cell_id=""0jmxnhhuuhnu""><p class=""ql-align-center"">R 180</p></td><td class=""td-q"" table_id=""6dh2jne235o"" row_id=""thyrxjwe6xh"" cell_id=""qhta8osup6""><p class=""ql-align-center"">R 240</p></td></tr><tr row_id=""erokjjsw83m""><td class=""td-q"" table_id=""6dh2jne235o"" row_id=""erokjjsw83m"" cell_id=""6uf36dt6hwi""><p>2 Наружные ненесущие стены</p></td><td class=""td-q"" table_id=""6dh2jne235o"" row_id=""erokjjsw83m"" cell_id=""co258kp0ci""><p class=""ql-align-center"">E 60</p></td><td class=""td-q"" table_id=""6dh2jne235o"" row_id=""erokjjsw83m"" cell_id=""avoe5o13r1l""><p class=""ql-align-center"">E 60</p></td><td class=""td-q"" table_id=""6dh2jne235o"" row_id=""erokjjsw83m"" cell_id=""2m1wa85ra55""><p class=""ql-align-center"">E 60</p></td></tr><tr row_id=""fjd8hd7pows""><td class=""td-q"" table_id=""6dh2jne235o"" row_id=""fjd8hd7pows"" cell_id=""ezkp4nyd8pd""><p>3 Перекрытия междуэтажные (в т.ч. чердачные и над подвалами)</p></td><td class=""td-q"" table_id=""6dh2jne235o"" row_id=""fjd8hd7pows"" cell_id=""7c9xqkdfdit""><p class=""ql-align-center"">REI 120</p></td><td class=""td-q"" table_id=""6dh2jne235o"" row_id=""fjd8hd7pows"" cell_id=""muq5edrntx""><p class=""ql-align-center"">REI 120</p></td><td class=""td-q"" table_id=""6dh2jne235o"" row_id=""fjd8hd7pows"" cell_id=""4s20n4knzna""><p class=""ql-align-center"">REI 120</p></td></tr><tr row_id=""p2gg6o9ij7d""><td class=""td-q"" table_id=""6dh2jne235o"" row_id=""p2gg6o9ij7d"" cell_id=""vdtkya7b4lo""><p>4 Элементы покрытий:</p></td><td class=""td-q"" table_id=""6dh2jne235o"" row_id=""p2gg6o9ij7d"" cell_id=""rnwta92w2x""><p><br></p></td><td class=""td-q"" table_id=""6dh2jne235o"" row_id=""p2gg6o9ij7d"" cell_id=""zh30bwacfws""><p><br></p></td><td class=""td-q"" table_id=""6dh2jne235o"" row_id=""p2gg6o9ij7d"" cell_id=""10q0xfnw8tje""><p><br></p></td></tr><tr row_id=""alz1oghc874""><td class=""td-q"" table_id=""6dh2jne235o"" row_id=""alz1oghc874"" cell_id=""5xskdyjbpds""><p>- настилы</p></td><td class=""td-q"" table_id=""6dh2jne235o"" row_id=""alz1oghc874"" cell_id=""jsrvguhbndp""><p class=""ql-align-center"">RE 30</p></td><td class=""td-q"" table_id=""6dh2jne235o"" row_id=""alz1oghc874"" cell_id=""h8yy298xsoq""><p class=""ql-align-center"">RE 30</p></td><td class=""td-q"" table_id=""6dh2jne235o"" row_id=""alz1oghc874"" cell_id=""qi0w6l8hfhh""><p class=""ql-align-center"">RE 30</p></td></tr><tr row_id=""qc78idjykqb""><td class=""td-q"" table_id=""6dh2jne235o"" row_id=""qc78idjykqb"" cell_id=""0ey8gil5f29a""><p>- балки, ригели, прогоны, рамы, фермы</p></td><td class=""td-q"" table_id=""6dh2jne235o"" row_id=""qc78idjykqb"" cell_id=""4st3x5bn2gx""><p class=""ql-align-center"">R 30</p></td><td class=""td-q"" table_id=""6dh2jne235o"" row_id=""qc78idjykqb"" cell_id=""36q0jajhpoh""><p class=""ql-align-center"">R 30</p></td><td class=""td-q"" table_id=""6dh2jne235o"" row_id=""qc78idjykqb"" cell_id=""cxmtimh1814""><p class=""ql-align-center"">R 30</p></td></tr><tr row_id=""l2qats23v2m""><td class=""td-q"" table_id=""6dh2jne235o"" row_id=""l2qats23v2m"" cell_id=""9yczxltt5k""><p>5 Элементы покрытий, предназначенных для эвакуации и спасения людей, а также размещения площадки для транспортно-спасательной кабины пожарного вертолета на кровле:</p></td><td class=""td-q"" table_id=""6dh2jne235o"" row_id=""l2qats23v2m"" cell_id=""dvajywy43k4""><p><br></p></td><td class=""td-q"" table_id=""6dh2jne235o"" row_id=""l2qats23v2m"" cell_id=""1wqs48ld8is""><p><br></p></td><td class=""td-q"" table_id=""6dh2jne235o"" row_id=""l2qats23v2m"" cell_id=""wszoe5lkyr""><p><br></p></td></tr><tr row_id=""ekcvzf83xl""><td class=""td-q"" table_id=""6dh2jne235o"" row_id=""ekcvzf83xl"" cell_id=""gy4rmid8opo""><p>- настилы</p></td><td class=""td-q"" table_id=""6dh2jne235o"" row_id=""ekcvzf83xl"" cell_id=""27o6o6cxrdm""><p class=""ql-align-center"">RE 120</p></td><td class=""td-q"" table_id=""6dh2jne235o"" row_id=""ekcvzf83xl"" cell_id=""1kh8gbr74ry""><p class=""ql-align-center"">RE 120</p></td><td class=""td-q"" table_id=""6dh2jne235o"" row_id=""ekcvzf83xl"" cell_id=""thvkar8nmm""><p class=""ql-align-center"">RE 120</p></td></tr><tr row_id=""mmh6nlztl2j""><td class=""td-q"" table_id=""6dh2jne235o"" row_id=""mmh6nlztl2j"" cell_id=""ware5n3lvvf""><p>- балки, ригели, прогоны, рамы, фермы</p></td><td class=""td-q"" table_id=""6dh2jne235o"" row_id=""mmh6nlztl2j"" cell_id=""527607idnfc""><p class=""ql-align-center"">R 150</p></td><td class=""td-q"" table_id=""6dh2jne235o"" row_id=""mmh6nlztl2j"" cell_id=""5d69ccodhl""><p class=""ql-align-center"">R 180</p></td><td class=""td-q"" table_id=""6dh2jne235o"" row_id=""mmh6nlztl2j"" cell_id=""sszhjqycrq""><p class=""ql-align-center"">R 180</p></td></tr><tr row_id=""3r787q24za""><td class=""td-q"" table_id=""6dh2jne235o"" row_id=""3r787q24za"" cell_id=""iojc4q46z8""><p>6 Конструкции лестничных клеток:</p></td><td class=""td-q"" table_id=""6dh2jne235o"" row_id=""3r787q24za"" cell_id=""sxvazufrf7""><p><br></p></td><td class=""td-q"" table_id=""6dh2jne235o"" row_id=""3r787q24za"" cell_id=""dlb79talgz8""><p><br></p></td><td class=""td-q"" table_id=""6dh2jne235o"" row_id=""3r787q24za"" cell_id=""o35ljtm4jjq""><p><br></p></td></tr><tr row_id=""ywjxs43dz49""><td class=""td-q"" table_id=""6dh2jne235o"" row_id=""ywjxs43dz49"" cell_id=""kmaue6y4epl""><p>- внутренние стены</p></td><td class=""td-q"" table_id=""6dh2jne235o"" row_id=""ywjxs43dz49"" cell_id=""hf2xmwq2c0q""><p class=""ql-align-center"">REI 150</p></td><td class=""td-q"" table_id=""6dh2jne235o"" row_id=""ywjxs43dz49"" cell_id=""8p6zdcbxpm9""><p class=""ql-align-center"">REI 180</p></td><td class=""td-q"" table_id=""6dh2jne235o"" row_id=""ywjxs43dz49"" cell_id=""bradckfe7xs""><p class=""ql-align-center"">REI 240</p></td></tr><tr row_id=""be04rgvrv2a""><td class=""td-q"" table_id=""6dh2jne235o"" row_id=""be04rgvrv2a"" cell_id=""ziborhbwxjk""><p>- марши и площадки</p></td><td class=""td-q"" table_id=""6dh2jne235o"" row_id=""be04rgvrv2a"" cell_id=""bvphzjcz6nd""><p class=""ql-align-center"">R 60</p></td><td class=""td-q"" table_id=""6dh2jne235o"" row_id=""be04rgvrv2a"" cell_id=""w1dfkrrxbrs""><p class=""ql-align-center"">R 60</p></td><td class=""td-q"" table_id=""6dh2jne235o"" row_id=""be04rgvrv2a"" cell_id=""2uwn5e6p0t3""><p class=""ql-align-center"">R 60</p></td></tr><tr row_id=""i2udulv0uq""><td class=""td-q"" table_id=""6dh2jne235o"" row_id=""i2udulv0uq"" cell_id=""21qzx848pa""><p>7 Противопожарные стены и перекрытия для деления здания на пожарные отсеки</p></td><td class=""td-q"" table_id=""6dh2jne235o"" row_id=""i2udulv0uq"" cell_id=""5vku028cyyt""><p class=""ql-align-center"">REI 150</p></td><td class=""td-q"" table_id=""6dh2jne235o"" row_id=""i2udulv0uq"" cell_id=""l80kit3yi9i""><p class=""ql-align-center"">REI 180</p></td><td class=""td-q"" table_id=""6dh2jne235o"" row_id=""i2udulv0uq"" cell_id=""0ytog5uwj7f""><p class=""ql-align-center"">REI 240</p></td></tr><tr row_id=""sv56f2y29yh""><td class=""td-q"" table_id=""6dh2jne235o"" row_id=""sv56f2y29yh"" cell_id=""my9j98fu28""><p>8 Конструкции шахт:</p></td><td class=""td-q"" table_id=""6dh2jne235o"" row_id=""sv56f2y29yh"" cell_id=""f0iw3qvgyfu""><p><br></p></td><td class=""td-q"" table_id=""6dh2jne235o"" row_id=""sv56f2y29yh"" cell_id=""8gsgb9bhuvc""><p><br></p></td><td class=""td-q"" table_id=""6dh2jne235o"" row_id=""sv56f2y29yh"" cell_id=""c8444lfwhvl""><p><br></p></td></tr><tr row_id=""ftujl145dsp""><td class=""td-q"" table_id=""6dh2jne235o"" row_id=""ftujl145dsp"" cell_id=""zm5wch60yj""><p>- лифтовые и коммуникационные шахты, каналы и короба, не пересекающие границы пожарных отсеков</p></td><td class=""td-q"" table_id=""6dh2jne235o"" row_id=""ftujl145dsp"" cell_id=""jelqklq7n2""><p class=""ql-align-center"">REI 120</p></td><td class=""td-q"" table_id=""6dh2jne235o"" row_id=""ftujl145dsp"" cell_id=""noxdx56wq1h""><p class=""ql-align-center"">REI 120</p></td><td class=""td-q"" table_id=""6dh2jne235o"" row_id=""ftujl145dsp"" cell_id=""ue61yzdryra""><p class=""ql-align-center"">REI 120</p></td></tr><tr row_id=""ibi7t2yiuz9""><td class=""td-q"" table_id=""6dh2jne235o"" row_id=""ibi7t2yiuz9"" cell_id=""pps5fd1kuv9""><p>- лифтовые и коммуникационные шахты, каналы и короба, пересекающие границы пожарных отсеков; шахты лифтов для транспортирования пожарных подразделений</p></td><td class=""td-q"" table_id=""6dh2jne235o"" row_id=""ibi7t2yiuz9"" cell_id=""m6xfy6gghmq""><p class=""ql-align-center"">REI 150 <a href=""about:blank"" rel=""noopener noreferrer"" target=""_blank"" style=""color: windowtext;"">&lt;*&gt;</a></p></td><td class=""td-q"" table_id=""6dh2jne235o"" row_id=""ibi7t2yiuz9"" cell_id=""qttc9y1sktr""><p class=""ql-align-center"">REI 180 <a href=""about:blank"" rel=""noopener noreferrer"" target=""_blank"" style=""color: windowtext;"">&lt;*&gt;</a></p></td><td class=""td-q"" table_id=""6dh2jne235o"" row_id=""ibi7t2yiuz9"" cell_id=""8qkdmscj5lp""><p class=""ql-align-center"">REI 240 <a href=""about:blank"" rel=""noopener noreferrer"" target=""_blank"" style=""color: windowtext;"">&lt;*&gt;</a></p></td></tr><tr row_id=""wios0y0x0kk""><td class=""td-q"" table_id=""6dh2jne235o"" row_id=""wios0y0x0kk"" cell_id=""oaczaxtxwh""><p>9 Внутренние ненесущие стены (перегородки):</p></td><td class=""td-q"" table_id=""6dh2jne235o"" row_id=""wios0y0x0kk"" cell_id=""zav4ea0zwg""><p><br></p></td><td class=""td-q"" table_id=""6dh2jne235o"" row_id=""wios0y0x0kk"" cell_id=""b3p3o2jcjsg""><p><br></p></td><td class=""td-q"" table_id=""6dh2jne235o"" row_id=""wios0y0x0kk"" cell_id=""lgdz22423lq""><p><br></p></td></tr><tr row_id=""y11i3xlaiwl""><td class=""td-q"" table_id=""6dh2jne235o"" row_id=""y11i3xlaiwl"" cell_id=""9moueh0bgeu""><p>- между гостиничными номерами, офисами и т.д.</p></td><td class=""td-q"" table_id=""6dh2jne235o"" row_id=""y11i3xlaiwl"" cell_id=""wlono83p7c""><p class=""ql-align-center"">EI 60</p></td><td class=""td-q"" table_id=""6dh2jne235o"" row_id=""y11i3xlaiwl"" cell_id=""rddzuh4uoim""><p class=""ql-align-center"">EI 60</p></td><td class=""td-q"" table_id=""6dh2jne235o"" row_id=""y11i3xlaiwl"" cell_id=""ugm4r1qlwfp""><p class=""ql-align-center"">EI 60</p></td></tr><tr row_id=""3r1czlsleuh""><td class=""td-q"" table_id=""6dh2jne235o"" row_id=""3r1czlsleuh"" cell_id=""xpnb9ba33th""><p>- отделяющие помещения от атриума; между коридорами и номерами гостиниц, офисами</p></td><td class=""td-q"" table_id=""6dh2jne235o"" row_id=""3r1czlsleuh"" cell_id=""d9x0bgzal6f""><p class=""ql-align-center"">EI 60, EIW 60</p></td><td class=""td-q"" table_id=""6dh2jne235o"" row_id=""3r1czlsleuh"" cell_id=""crn89d7t51""><p class=""ql-align-center"">EI 60, EIW 60</p></td><td class=""td-q"" table_id=""6dh2jne235o"" row_id=""3r1czlsleuh"" cell_id=""3lpe0llvuwn""><p class=""ql-align-center"">EI 60, EIW 60</p></td></tr><tr row_id=""tfpsbxm8q7""><td class=""td-q"" table_id=""6dh2jne235o"" row_id=""tfpsbxm8q7"" cell_id=""5fiqdtgrt0t""><p>- отделяющие помещения для аварийного генератора и дизельных электростанций</p></td><td class=""td-q"" table_id=""6dh2jne235o"" row_id=""tfpsbxm8q7"" cell_id=""prx3m75ezk""><p class=""ql-align-center"">EI 180</p></td><td class=""td-q"" table_id=""6dh2jne235o"" row_id=""tfpsbxm8q7"" cell_id=""iija3wimfo""><p class=""ql-align-center"">EI 180</p></td><td class=""td-q"" table_id=""6dh2jne235o"" row_id=""tfpsbxm8q7"" cell_id=""4oypson9gre""><p class=""ql-align-center"">EI 180</p></td></tr><tr row_id=""0y9nf2qj4yhg""><td class=""td-q"" table_id=""6dh2jne235o"" row_id=""0y9nf2qj4yhg"" cell_id=""ilae3nfl2ui""><p>- отделяющие торговые залы площадью более 2000 м<sup>2</sup> и другие помещения зального типа, предназначенные для одновременного пребывания более 500 чел.</p></td><td class=""td-q"" table_id=""6dh2jne235o"" row_id=""0y9nf2qj4yhg"" cell_id=""9v0k2p8b6im""><p class=""ql-align-center"">EI 180</p></td><td class=""td-q"" table_id=""6dh2jne235o"" row_id=""0y9nf2qj4yhg"" cell_id=""vbjcz5fdwn""><p class=""ql-align-center"">EI 180</p></td><td class=""td-q"" table_id=""6dh2jne235o"" row_id=""0y9nf2qj4yhg"" cell_id=""mj2let4ukrf""><p class=""ql-align-center"">EI 180</p></td></tr><tr row_id=""3sjuvo9z6cc""><td class=""td-q"" table_id=""6dh2jne235o"" row_id=""3sjuvo9z6cc"" cell_id=""2ccyn7fsgv""><p>- отделяющие квартиры (апартаменты) друг от друга</p></td><td class=""td-q"" table_id=""6dh2jne235o"" row_id=""3sjuvo9z6cc"" cell_id=""haz0wlvzkv""><p class=""ql-align-center"">EI 90</p></td><td class=""td-q"" table_id=""6dh2jne235o"" row_id=""3sjuvo9z6cc"" cell_id=""q6q3rs9ufrq""><p class=""ql-align-center"">EI 90</p></td><td class=""td-q"" table_id=""6dh2jne235o"" row_id=""3sjuvo9z6cc"" cell_id=""mef7fzuddj""><p class=""ql-align-center"">EI 90</p></td></tr><tr row_id=""21osy4584vah""><td class=""td-q"" table_id=""6dh2jne235o"" row_id=""21osy4584vah"" cell_id=""cw1mgs0m38u""><p>- отделяющие квартиры от других помещений и коридоров</p></td><td class=""td-q"" table_id=""6dh2jne235o"" row_id=""21osy4584vah"" cell_id=""j9d3ol9m2""><p class=""ql-align-center"">EI 30</p><p class=""ql-align-center"">(EI 45 для жилых зданий)</p></td><td class=""td-q"" table_id=""6dh2jne235o"" row_id=""21osy4584vah"" cell_id=""isqyagqcm7p""><p class=""ql-align-center"">EI 60</p></td><td class=""td-q"" table_id=""6dh2jne235o"" row_id=""21osy4584vah"" cell_id=""gglo47rf7b""><p class=""ql-align-center"">EI 60</p></td></tr><tr row_id=""rcq3kh03t2""><td class=""td-q"" table_id=""6dh2jne235o"" row_id=""rcq3kh03t2"" cell_id=""uiz9s4s8fys""><p>- отделяющие лифтовые холлы</p></td><td class=""td-q"" table_id=""6dh2jne235o"" row_id=""rcq3kh03t2"" cell_id=""s3cnajsmg3e""><p class=""ql-align-center"">EI 60, EIW 60</p></td><td class=""td-q"" table_id=""6dh2jne235o"" row_id=""rcq3kh03t2"" cell_id=""2umtfimg03""><p class=""ql-align-center"">EI 60, EIW 60</p></td><td class=""td-q"" table_id=""6dh2jne235o"" row_id=""rcq3kh03t2"" cell_id=""v35yxeima8m""><p class=""ql-align-center"">EI 60, EIW 60</p></td></tr><tr row_id=""bxcwbti1s6""><td class=""td-q"" table_id=""6dh2jne235o"" row_id=""bxcwbti1s6"" cell_id=""zvtylmnop1q""><p>- отделяющие лифтовые холлы и тамбуры лифтов для транспортирования пожарных подразделений</p></td><td class=""td-q"" table_id=""6dh2jne235o"" row_id=""bxcwbti1s6"" cell_id=""18mu65fku9k""><p class=""ql-align-center"">EI 60, EIW 60</p></td><td class=""td-q"" table_id=""6dh2jne235o"" row_id=""bxcwbti1s6"" cell_id=""1qaiun0mrs5""><p class=""ql-align-center"">EI 90, EIW 90</p></td><td class=""td-q"" table_id=""6dh2jne235o"" row_id=""bxcwbti1s6"" cell_id=""c6xtvhsddek""><p class=""ql-align-center"">EI 90, EIW 90</p></td></tr><tr row_id=""k3tk5yihfbq""><td class=""td-q"" table_id=""6dh2jne235o"" row_id=""k3tk5yihfbq"" cell_id=""1x2qo00a20v""><p>- отделяющие встроенную баню сухого жара от других помещений</p></td><td class=""td-q"" table_id=""6dh2jne235o"" row_id=""k3tk5yihfbq"" cell_id=""psnohi50rts""><p class=""ql-align-center"">EI 60, EIW 60</p></td><td class=""td-q"" table_id=""6dh2jne235o"" row_id=""k3tk5yihfbq"" cell_id=""8t6ej4obgaa""><p class=""ql-align-center"">EI 60, EIW 60</p></td><td class=""td-q"" table_id=""6dh2jne235o"" row_id=""k3tk5yihfbq"" cell_id=""tzdp8f0hxgc""><p class=""ql-align-center"">EI 60, EIW 60</p></td></tr><tr row_id=""jgjvhrf2nkb""><td class=""td-q"" table_id=""6dh2jne235o"" row_id=""jgjvhrf2nkb"" cell_id=""6y2w1a1i7iw""><p>- отделяющие помещения предприятий бытового обслуживания площадью более 300 м<sup>2</sup></p></td><td class=""td-q"" table_id=""6dh2jne235o"" row_id=""jgjvhrf2nkb"" cell_id=""5lrpusm4dnq""><p class=""ql-align-center"">EI 60</p></td><td class=""td-q"" table_id=""6dh2jne235o"" row_id=""jgjvhrf2nkb"" cell_id=""jo1jhm21w3c""><p class=""ql-align-center"">EI 60</p></td><td class=""td-q"" table_id=""6dh2jne235o"" row_id=""jgjvhrf2nkb"" cell_id=""pwpjdt6458""><p class=""ql-align-center"">EI 60</p></td></tr><tr row_id=""kgynkdoo5bp""><td class=""td-q"" table_id=""6dh2jne235o"" row_id=""kgynkdoo5bp"" cell_id=""pd5ei0w26zq""><p>- отделяющие помещения для книгохранилищ, архивов</p></td><td class=""td-q"" table_id=""6dh2jne235o"" row_id=""kgynkdoo5bp"" cell_id=""tswo3apnb9""><p class=""ql-align-center"">EI 90</p></td><td class=""td-q"" table_id=""6dh2jne235o"" row_id=""kgynkdoo5bp"" cell_id=""cm1yjwjsml""><p class=""ql-align-center"">EI 120</p></td><td class=""td-q"" table_id=""6dh2jne235o"" row_id=""kgynkdoo5bp"" cell_id=""pdfq8tv5ddl""><p class=""ql-align-center"">EI 120</p></td></tr><tr row_id=""ewu90qzbcd5""><td class=""td-q"" table_id=""6dh2jne235o"" row_id=""ewu90qzbcd5"" cell_id=""5kmuo2m20b""><p>- отделяющие помещения трансформаторных подстанций</p></td><td class=""td-q"" table_id=""6dh2jne235o"" row_id=""ewu90qzbcd5"" cell_id=""qyvkjpz798""><p class=""ql-align-center"">EI 60</p></td><td class=""td-q"" table_id=""6dh2jne235o"" row_id=""ewu90qzbcd5"" cell_id=""jtop14eh7xr""><p class=""ql-align-center"">EI 60</p></td><td class=""td-q"" table_id=""6dh2jne235o"" row_id=""ewu90qzbcd5"" cell_id=""exhoc2qw7z""><p class=""ql-align-center"">EI 60</p></td></tr><tr row_id=""uicaiwzbfbk""><td class=""td-q"" table_id=""6dh2jne235o"" row_id=""uicaiwzbfbk"" cell_id=""1exuszvytov"" colspan=""4""><p class=""ql-align-justify"">&lt;*&gt; Если они обеспечивают общую прочность и пространственную устойчивость здания, а также участвуют в предотвращении прогрессирующего (лавинообразного) разрушения его конструкций за пределами очага пожара. Сведения о конструкциях, не являющихся несущими элементами зданий, приводятся в проектной документации на здание, комплекс.</p></td><td class=""td-q"" table_id=""6dh2jne235o"" row_id=""uicaiwzbfbk"" cell_id=""r28xsv9u6qi"" merge_id=""1exuszvytov""><p><br></p></td><td class=""td-q"" table_id=""6dh2jne235o"" row_id=""uicaiwzbfbk"" cell_id=""7uh9v31inx"" merge_id=""1exuszvytov""><p><br></p></td><td class=""td-q"" table_id=""6dh2jne235o"" row_id=""uicaiwzbfbk"" cell_id=""7fwmk49m03x"" merge_id=""1exuszvytov""><p><br></p></td></tr><tr row_id=""dasb38ucnj""><td class=""td-q"" table_id=""6dh2jne235o"" row_id=""dasb38ucnj"" cell_id=""q4wg2ocoj6"" colspan=""4""><p><br></p><p class=""ql-align-justify"">Примечания</p><p class=""ql-align-justify"">1 Предел огнестойкости по признаку R несущих конструкций, являющихся опорой для противопожарных перекрытий, должен быть не менее предела огнестойкости самих перекрытий.</p><p>2 Предел огнестойкости наружных несущих стен по потере целостности (E) согласно СП 2.13130 должен быть не менее требуемого предела огнестойкости для наружных ненесущих стен.</p></td><td class=""td-q"" table_id=""6dh2jne235o"" row_id=""dasb38ucnj"" cell_id=""apju03w1i0f"" merge_id=""q4wg2ocoj6""><p><br></p></td><td class=""td-q"" table_id=""6dh2jne235o"" row_id=""dasb38ucnj"" cell_id=""of4flmxenb"" merge_id=""q4wg2ocoj6""><p><br></p></td><td class=""td-q"" table_id=""6dh2jne235o"" row_id=""dasb38ucnj"" cell_id=""g9jmmegsgfh"" merge_id=""q4wg2ocoj6""><p><br></p></td></tr></table>";;03.09.2024;;В разработке;Здания и комплексы высотные. Требования пожарной безопасности (с изменением № 1);;Требования технических регламентов;;;Ложь;Рудой Роман Александрович;175680;Истина;
175681;Ложь;;<p>6.2 Для обеспечения требуемых пределов огнестойкости несущих конструкций (элементов здания) и коммуникаций систем инженерно-технического обеспечения следует применять конструктивную огнезащиту согласно СП 2.13130.</p><p>При размещении помещений для инженерного оборудования, других технических и вспомогательных помещений, в т.ч. кладовых, в части подземных этажей такие помещения следует отделять от помещений иного функционального назначения противопожарными преградами (стенами, перегородками) с пределом огнестойкости не менее REI 60 (EI 60) и тамбур-шлюзом 1-го типа.</p><p><br></p>;;30.07.2020;;В разработке;Здания и комплексы высотные. Требования пожарной безопасности (с изменением № 1);;Требования технических регламентов;;;Ложь;Рудой Роман Александрович;175681;Ложь;
175683;Ложь;;<p>6.3 Двери, люки и другие заполнения проемов в конструкциях с нормируемыми в таблице 6.1 пределами огнестойкости (за исключением наружных стен) должны быть противопожарными. Их предел огнестойкости должен составлять не менее EI 30 (EIS 30, EIWS 30) в случае применения конструкций с пределом огнестойкости EI 60 (EIW 60) и не менее EI 60 (EIS 60, EIWS 60) в остальных случаях.</p><p>Двери лифтовых холлов и двери машинных помещений лифтов следует предусматривать в дымогазонепроницаемом исполнении.</p><p>В коммуникационных шахтах, предназначенных для прокладки водозаполненных трубопроводов инженерных систем, допускается применять противопожарные двери (люки и т.д.) 2-го типа.</p><p>Стены коммуникационных шахт и коробов для прокладки трубопроводов и инженерных коммуникаций должны иметь пределы огнестойкости, соответствующие пересекаемым перекрытиям. При пересечении данными шахтами границ пожарных отсеков их пределы огнестойкости должны соответствовать пределам огнестойкости пересекаемых перекрытий.</p><p><br></p>;;03.09.2024;;В разработке;Здания и комплексы высотные. Требования пожарной безопасности (с изменением № 1);;Требования технических регламентов;;;Ложь;Рудой Роман Александрович;175683;Истина;
175685;Ложь;;<p>6.4 Наружные стены с внешней стороны с фасадными системами должны иметь класс пожарной опасности К0, с применением негорючих материалов облицовки, отделки и теплоизоляции, ветровлагозащиты (не должны относиться к группе слабогорючих материалов).</p>;;30.07.2020;;В разработке;Здания и комплексы высотные. Требования пожарной безопасности (с изменением № 1);;Требования технических регламентов;;;Ложь;Рудой Роман Александрович;175685;Ложь;
175686;Ложь;;"<p>6.5 Противопожарные перекрытия высотных зданий следует выполнять в соответствии с СП 2.13130 и требованиями настоящего свода правил.</p><p>Противопожарные перекрытия должны разделять наружные стены и выступать за наружную плоскость стены не менее чем на 30 см. При этом должен быть предусмотрен глухой участок стены междуэтажного заполнения (противопожарный пояс) высотой не менее 1,2 м, с пределом огнестойкости не менее E 60.</p><p>Допускается не разделять противопожарными перекрытиями наружные стены, если одновременно выполняются следующие условия:</p><p>- участки наружных стен в местах примыкания к перекрытиям (противопожарные пояса) выполнены глухими при расстоянии между верхом окна нижележащего этажа и низом окна вышележащего этажа не менее 1,2 м;</p><p>- предел огнестойкости данных участков наружных стен (в т.ч. узлов примыкания) предусмотрен не менее, чем у противопожарного перекрытия по признакам (EI);</p><p>- класс пожарной опасности данных участков наружных стен (в т.ч. узлов примыкания) предусмотрен не менее К0;</p><p>- внешняя теплоизоляция, облицовка и отделка (толщиной более 0,5 мм) наружных стен зданий в уровне противопожарного перекрытия должна разделяться противопожарной отсечкой, выполненной из негорючих материалов вертикальным размером не менее толщины перекрытия.</p><p><br></p>";;03.09.2024;;В разработке;Здания и комплексы высотные. Требования пожарной безопасности (с изменением № 1);;Требования технических регламентов;;;Ложь;Рудой Роман Александрович;175686;Истина;
175689;Ложь;;<p>6.6 Предел огнестойкости конструкций наружных светопрозрачных стен следует принимать в соответствии с СП 2.13130 и требованиями настоящего свода правил.</p><p>Предел огнестойкости конструкций наружных светопрозрачных стен должен соответствовать требованиям, предъявляемым к наружным ненесущим стенам.</p><p>Для наружных стен, имеющих проемы или участки с ненормируемым пределом огнестойкости (в т.ч. оконные проемы, ленточное остекление и т.п.), участки стен в местах примыкания к перекрытиям (междуэтажные пояса) следует выполнять сплошными (без проемов), высотой не менее 1,2 м между верхом окна нижележащего этажа и низом окна вышележащего этажа.</p><p>Предел огнестойкости данных участков наружных стен должен быть предусмотрен не менее E 60, узлов примыкания - не менее EI 60, узлов крепления - не менее R 60.</p><p>Примечания</p><p>1 Допускается указанные участки (междуэтажные пояса) выполнять частично или полностью светопрозрачными, в т.ч. в составе оконных конструкций, в случае если они до установленной высоты 1,2 м имеют соответствующий предел огнестойкости.</p><p>2 Указанные требования не распространяются на двери лоджий и балконов, имеющих выступ плиты балкона не менее 0,6 м, а также на эвакуационные выходы.</p><p><br></p>;;03.09.2024;;В разработке;Здания и комплексы высотные. Требования пожарной безопасности (с изменением № 1);;Требования технических регламентов;;;Ложь;Рудой Роман Александрович;175689;Истина;
175692;Ложь;;<p>6.7 При примыкании противопожарных стен или противопожарных перегородок 1-го типа одной части наружной стены здания к другой под углом менее 135° и расстоянии по горизонтали между ближайшими гранями проемов, расположенных в наружных стенах по разные стороны вершины угла менее 4 м, на соответствующем участке стены проемы должны иметь противопожарное заполнение с пределом огнестойкости не менее E 30 или систему орошения.</p>;;03.09.2024;;В разработке;Здания и комплексы высотные. Требования пожарной безопасности (с изменением № 1);;Требования технических регламентов;;;Ложь;Рудой Роман Александрович;175692;Истина;
175694;Ложь;;<p>6.8 Крыша высотных зданий должна выполняться из негорючих материалов с учетом требований 5.4. В случае устройства горючего гидроизоляционного ковра, а также теплоизоляции с показателями пожарной опасности Г1, В2, Д2, Т2 он должен быть закрыт сверху негорючим материалом толщиной не менее 50 мм.</p>;;03.09.2024;;В разработке;Здания и комплексы высотные. Требования пожарной безопасности (с изменением № 1);;Требования технических регламентов;;;Ложь;Рудой Роман Александрович;175694;Истина;
175696;Ложь;;<p>6.9 Отделку, облицовку стен, потолков, покрытия полов на путях эвакуации (в общих коридорах, холлах, вестибюлях, фойе, лестничных клетках, лифтовых холлах) предусматривают из материалов с пожарной опасностью в соответствии с [2, таблица 28] как для зданий высотой более 17 этажей или более 50 м.</p><p>Материалы заполнения подвесных потолков на путях эвакуации (в общих коридорах, холлах, вестибюлях, фойе, лестничных клетках, лифтовых холлах) должны отвечать требованиям к материалам отделки, облицовки потолков в соответствии с [2, таблица 28].</p><p>Применение горючей облицовки в пределах внутренних объемов балконов, лоджий, переходов в незадымляемые лестничные клетки, при выполнении функций путей эвакуации или зон безопасности, а также по периметру всех эвакуационных выходов из здания ближе 1 м от каждого откоса такого выхода не допускается, за исключением кассет из стальных композитных панелей или таких панелей с завальцовкой согласно СП 522.1325800. Со стороны всех открытых торцов системы, независимо от наличия в системе утеплителя и защитных материалов, должны устанавливаться перекрывающие эти торцы системы крышки или заглушки, накладки, козырьки и т.п. из негорючих материалов.</p><p><br></p>;;03.09.2024;;В разработке;Здания и комплексы высотные. Требования пожарной безопасности (с изменением № 1);;Требования технических регламентов;;;Ложь;Рудой Роман Александрович;175696;Истина;
175697;Ложь;;<p>6.10 Отделку, облицовку стен, потолков, покрытия полов в зальных помещениях предусматривают из материалов с пожарной опасностью в соответствии с [2, таблица 29]. Материалы заполнения подвесных потолков в зальных помещениях должны отвечать требованиям к материалам отделки, облицовки потолков в соответствии с [2, таблица 29].</p>;;30.07.2020;;В разработке;Здания и комплексы высотные. Требования пожарной безопасности (с изменением № 1);;Требования технических регламентов;;;Ложь;Рудой Роман Александрович;175697;Ложь;
175698;Ложь;;<p>6.11 В помещениях номеров гостиниц и спальных помещениях зданий других классов функциональной пожарной опасности применяют материалы для отделки, облицовки стен и потолков, заполнения подвесных потолков и покрытий полов с показателями пожарной опасности не ниже чем Г1, В2, Д2, Т2, РП1.</p>;;03.09.2024;;В разработке;Здания и комплексы высотные. Требования пожарной безопасности (с изменением № 1);;Требования технических регламентов;;;Ложь;Рудой Роман Александрович;175698;Истина;
175700;Ложь;;<p>6.12 В помещениях с массовым пребыванием людей (в которых может одновременно находиться 50 чел. и более) мягкая мебель, шторы и занавеси не должны относиться к легковоспламеняемым по ГОСТ Р 53294.</p>;;30.07.2020;;В разработке;Здания и комплексы высотные. Требования пожарной безопасности (с изменением № 1);;Требования технических регламентов;;;Ложь;Рудой Роман Александрович;175700;Ложь;
175701;Ложь;;<p>6.13 В помещениях с массовым пребыванием людей применяемые для мягкой мебели обивочные, набивочные и прокладочные материалы не должны относиться к чрезвычайно опасным по показателю токсичности продуктов горения.</p>;;30.07.2020;;В разработке;Здания и комплексы высотные. Требования пожарной безопасности (с изменением № 1);;Требования технических регламентов;;;Ложь;Рудой Роман Александрович;175701;Ложь;
175702;Ложь;;<p>7.3.2 Высотные здания должны быть оснащены СПС адресного типа, позволяющими определить место возникновения возгорания с точностью до помещения (квартиры).</p><p>При повреждении линии связи в одном или нескольких помещениях, квартирах должна сохраняться связь с элементами системы, установленными в других помещениях, квартирах, путем автоматического отключения поврежденного участка линии путем применения кольцевых шлейфов СПС с ответвлениями в каждую квартиру с автоматической защитой от короткого замыкания в ответвлении.</p><p><br></p>;;30.07.2020;;В разработке;Здания и комплексы высотные. Требования пожарной безопасности (с изменением № 1);;Требования технических регламентов;;;Ложь;Рудой Роман Александрович;175702;Ложь;
175703;Ложь;;<p>7.3.3 СПС следует проектировать единой для всего здания с учетом деления по пожарным отсекам. При нарушении линий связи между оборудованием разных пожарных отсеков СПС должна обеспечивать и автономную работу системы в пределах каждого пожарного отсека. Данная система должна иметь возможность наращивания (резерв).</p>;;30.07.2020;;В разработке;Здания и комплексы высотные. Требования пожарной безопасности (с изменением № 1);;Требования технических регламентов;;;Ложь;Рудой Роман Александрович;175703;Ложь;
175707;Ложь;;"<p>7.4.1 Система оповещения и управления эвакуацией (СОУЭ) должна предусматриваться в соответствии с требованиями СП 3.13130, СП 253.1325800 и таблицы 7.1.</p><p>Таблица 7.1</p><table table_id=""hewqez8hwtd""><tr row_id=""h92x17ii96d""><td class=""td-q"" table_id=""hewqez8hwtd"" row_id=""h92x17ii96d"" cell_id=""nj7fik1po5f"" rowspan=""3""><p class=""ql-align-center"">Пожарный отсек</p></td><td class=""td-q"" table_id=""hewqez8hwtd"" row_id=""h92x17ii96d"" cell_id=""azf2id6c0kf"" colspan=""2""><p class=""ql-align-center"">Тип СОУЭ</p></td><td class=""td-q"" table_id=""hewqez8hwtd"" row_id=""h92x17ii96d"" cell_id=""h1n9ley94cn"" merge_id=""azf2id6c0kf""><p><br></p></td></tr><tr row_id=""vq5iq3gl21d""><td class=""td-q"" table_id=""hewqez8hwtd"" row_id=""vq5iq3gl21d"" cell_id=""i2be0wj4rke"" merge_id=""nj7fik1po5f""><p><br></p></td><td class=""td-q"" table_id=""hewqez8hwtd"" row_id=""vq5iq3gl21d"" cell_id=""fip77vzjls7"" colspan=""2""><p class=""ql-align-center"">Высота здания, м</p></td><td class=""td-q"" table_id=""hewqez8hwtd"" row_id=""vq5iq3gl21d"" cell_id=""cjxyl1j00w"" merge_id=""fip77vzjls7""><p><br></p></td></tr><tr row_id=""ud207wfhz8h""><td class=""td-q"" table_id=""hewqez8hwtd"" row_id=""ud207wfhz8h"" cell_id=""yftci2cg73i"" merge_id=""nj7fik1po5f""><p><br></p></td><td class=""td-q"" table_id=""hewqez8hwtd"" row_id=""ud207wfhz8h"" cell_id=""jtwmktgqox8""><p class=""ql-align-center"">До 150 включ.</p></td><td class=""td-q"" table_id=""hewqez8hwtd"" row_id=""ud207wfhz8h"" cell_id=""bqysgw9o2vc""><p class=""ql-align-center"">Более 150</p></td></tr><tr row_id=""bnusf9knot5""><td class=""td-q"" table_id=""hewqez8hwtd"" row_id=""bnusf9knot5"" cell_id=""uxx20ogy9qs""><p>1 С помещениями жилого назначения, а также с помещениями жилого назначения и встроенно-пристроенными помещениями общественного назначения</p></td><td class=""td-q"" table_id=""hewqez8hwtd"" row_id=""bnusf9knot5"" cell_id=""nspkpizppo8""><p class=""ql-align-center"">3</p></td><td class=""td-q"" table_id=""hewqez8hwtd"" row_id=""bnusf9knot5"" cell_id=""0i35xk8v8vt6""><p class=""ql-align-center"">4</p></td></tr><tr row_id=""j51x57mbpi""><td class=""td-q"" table_id=""hewqez8hwtd"" row_id=""j51x57mbpi"" cell_id=""fjfyjjvtlbs""><p>2 С помещениями общественного назначения</p></td><td class=""td-q"" table_id=""hewqez8hwtd"" row_id=""j51x57mbpi"" cell_id=""vsbqhwliuye""><p class=""ql-align-center"">4</p></td><td class=""td-q"" table_id=""hewqez8hwtd"" row_id=""j51x57mbpi"" cell_id=""baqliig3pzr""><p class=""ql-align-center"">5</p></td></tr></table><p>Допускается по заданию на проектирование применение СОУЭ в сочетании с элементами интерьерной навигации (настенные, подвесные, напольные).</p>";;03.09.2024;;В разработке;Здания и комплексы высотные. Требования пожарной безопасности (с изменением № 1);;Требования технических регламентов;;;Ложь;Рудой Роман Александрович;175707;Истина;
175708;Ложь;;"<p>7.4.2 Речевые оповещатели должны быть установлены в помещениях с постоянным пребыванием людей (в т.ч. помещениях жилого назначения), на путях эвакуации людей, включая лестничные клетки. В жилых квартирах допускается устанавливать оповещатель только в прихожей квартиры при площади квартиры не более 150 м<span class=""ql-formula"" data-value=""^2"">?<span contenteditable=""false""><span class=""katex""><span class=""katex-mathml""><math xmlns=""http://www.w3.org/1998/Math/MathML""><semantics><mrow><msup><mrow></mrow><mn>2</mn></msup></mrow><annotation encoding=""application/x-tex"">^2</annotation></semantics></math></span><span class=""katex-html"" aria-hidden=""true""><span class=""base""><span class=""strut"" style=""height: 0.8141em;""></span><span class=""mord""><span class=""""></span><span class=""msupsub""><span class=""vlist-t""><span class=""vlist-r""><span class=""vlist"" style=""height: 0.8141em;""><span class="""" style=""top: -3.063em; margin-right: 0.05em;""><span class=""pstrut"" style=""height: 2.7em;""></span><span class=""sizing reset-size6 size3 mtight""><span class=""mord mtight"">2</span></span></span></span></span></span></span></span></span></span></span></span>?</span> .</p>";;30.07.2020;;В разработке;Здания и комплексы высотные. Требования пожарной безопасности (с изменением № 1);;Требования технических регламентов;;;Ложь;Рудой Роман Александрович;175708;Истина;
175710;Ложь;;<p>7.4.3 Для обеспечения оповещения и управления поэтапной эвакуацией людей из пожарных отсеков, оснащенных СОУЭ 4-го и 5-го типов, в лифтовых холлах, БЗ для МГН, на путях эвакуации людей должны быть установлены переговорные устройства, связанные с пожарным постом (диспетчерской).</p>;;03.09.2024;;В разработке;Здания и комплексы высотные. Требования пожарной безопасности (с изменением № 1);;Требования технических регламентов;;;Ложь;Рудой Роман Александрович;175710;Истина;
175712;Ложь;;<p>7.4.4 Управление СОУЭ высотного комплекса должно осуществляться из помещения пожарного поста (диспетчерской).</p><p>Система оповещения и управления эвакуацией должна поддерживать автономность работы в пределах каждого пожарного отсека. В случае повреждения линий связи с пожарным постом (диспетчерской) СОУЭ должна запускаться от сигналов управления АПС соответствующего пожарного отсека.</p><p><br></p>;;30.07.2020;;В разработке;Здания и комплексы высотные. Требования пожарной безопасности (с изменением № 1);;Требования технических регламентов;;;Ложь;Рудой Роман Александрович;175712;Ложь;
175713;Ложь;;<p>7.5.1 Наружное противопожарное водоснабжение следует обеспечивать с учетом требований СП 485.1311500, СП 253.1325800, СП 8.13130 и СП 31.13330 от кольцевых водопроводных сетей, обеспечивающих расход воды на хозяйственно-питьевые и противопожарные нужды, с установкой не менее трех пожарных гидрантов на расстоянии не более 150 м от продольных сторон здания, комплекса. </p><p>Размещение пожарных гидрантов должно обеспечивать возможность подачи огнетушащих веществ, в том числе и со стилобата.</p><p>Расход воды на наружное пожаротушение (на один пожар) высотных зданий для расчета соединительных и распределительных линий водопроводной сети, а также водопроводной сети внутри микрорайона или квартала следует принимать по СП 8.13130 (таблица 2).</p>;;03.09.2024;;В разработке;Здания и комплексы высотные. Требования пожарной безопасности (с изменением № 1);;Требования технических регламентов;;;Ложь;Рудой Роман Александрович;175713;Истина;
175715;Ложь;;"<p>7.5.2&nbsp;Внутренний противопожарный водопровод и системы автоматического пожаротушения должны проектироваться в соответствии с СП 485.1311500, СП 253.1325800.</p><p>Внутренний противопожарный водопровод (сети и агрегаты) высотных зданий, комплексов может быть как самостоятельным, со своими насосными станциями (установками), так и совмещенным с АУП.</p>";;03.09.2024;;В разработке;Здания и комплексы высотные. Требования пожарной безопасности (с изменением № 1);;Требования технических регламентов;;;Ложь;Рудой Роман Александрович;175715;Истина;
175716;Ложь;;<p>7.5.8 Высотные здания подлежат оборудованию АУП в соответствии с требованиями СП 486.1311500 и СП 253.1325800. В целях исключения ложных срабатываний по заданию на проектирование применяются спринклерные АУП с контролем срабатывания.</p>;;03.09.2024;;В разработке;Здания и комплексы высотные. Требования пожарной безопасности (с изменением № 1);;Требования технических регламентов;;;Ложь;Рудой Роман Александрович;175716;Истина;
175718;Ложь;;"<p>7.5.9 Высотные здания, включая жилые, допускается дополнительно оборудовать согласно требованиям [2]. В АУСП рекомендуется применять оросители (распылители) с принудительным пуском от сигналов СПС или пожарных сателлитных извещателей; при этом оросители следует устанавливать над дверными проемами помещений, а также в коридорах с параметрами интенсивности орошения и расхода воды в соответствии с СП 485.1311500 для помещений 1-й группы по степени опасности развития пожара. </p><p>Размещение оросителей (распылителей) должно также обеспечивать защиту фасадного остекления здания общественного назначения. При этом необходимо предусмотреть возможность дистанционного пуска АУСП от устройств, располагаемых у входа в защищаемое помещение, и из помещения пожарного поста.</p>";;03.09.2024;;В разработке;Здания и комплексы высотные. Требования пожарной безопасности (с изменением № 1);;Требования технических регламентов;;;Ложь;Рудой Роман Александрович;175718;Истина;
175719;Ложь;;<p>7.5.14 При проектировании в зданиях систем мусороудаления (в т.ч. при пакетированной системе сбора мусора на этажах) следует предусматривать АУП в таких помещениях на этажах, а для мусоросборных камер - по всей площади и ствола мусоропровода с размещением оросителей через каждые два-три этажа (при отсутствии мусоропровода - СПС независимо от площади). Участок распределительного трубопровода оросителей должен быть кольцевым, подключенным к сети хозяйственно-питьевого водопровода многоквартирного здания и оснащенным теплоизоляцией из негорючих материалов согласно требованиям СП 253.1325800.</p>;;03.09.2024;;В разработке;Здания и комплексы высотные. Требования пожарной безопасности (с изменением № 1);;Требования технических регламентов;;;Ложь;Рудой Роман Александрович;175719;Истина;
175734;Ложь;;<p>7.6.1 Для обеспечения деятельности пожарных подразделений и спасения МГН в высотном здании (в высотном комплексе - в каждом из зданий) следует предусматривать не менее двух лифтов (при зонной схеме организации работы лифтов - в каждой из зон) для транспортирования подразделений пожарной охраны в соответствии с требованиями ГОСТ Р 53296, ГОСТ 34305, ГОСТ 33652. </p><p>В подземной части высотного здания, комплекса, при ее разделении на несколько пожарных отсеков (секций) и наличии одной группы лифтов, следует предусматривать на этаж (уровень) два лифта для транспортирования пожарных подразделений, а при наличии нескольких групп лифтов - в каждой из таких групп не менее одного лифта.</p><p>Лифты для транспортирования подразделений пожарной охраны следует предусматривать в обособленных шахтах с самостоятельными лифтовыми холлами на всех этажах.</p><p>Допускается устройство общих с другими лифтами лифтовых шахт и лифтовых холлов при выполнении требований ГОСТ Р 53296. Предел огнестойкости общих для таких групп лифтов ограждающих строительных конструкций лифтовых шахт, лифтовых холлов должен соответствовать требованиям 6.1.</p><p>Грузоподъемность каждого из лифтов для транспортирования подразделений пожарной охраны в высотных зданиях и комплексах должна быть не менее 1000 кг.</p>;;03.09.2024;;В разработке;Здания и комплексы высотные. Требования пожарной безопасности (с изменением № 1);;Требования технических регламентов;;;Ложь;Рудой Роман Александрович;175734;Истина;
175737;Ложь;;<p>7.6.2 Шахты лифтов, связывающие подземные этажи с надземной частью здания, следует проектировать не выше 1-го надземного этажа.</p><p>При обосновании технологической необходимости связи лифтами подземной и надземной частей высотного здания (комплекса) указанные лифты должны соответствовать требованиям, предъявляемым к лифтам транспортирования пожарных подразделений в соответствии с ГОСТ Р 53296 с учетом требований 6.1.</p><p>При сообщении указанных лифтов на подземных этажах с помещениями для хранения автомобилей (стоянками автомобилей) должно быть предусмотрено устройство на выходах из этих лифтов (в подземной части) двух последовательно расположенных тамбур-шлюзов 1-го типа, защищенных приточной ПДВ согласно СП 7.13130.</p>;;03.09.2024;;В разработке;Здания и комплексы высотные. Требования пожарной безопасности (с изменением № 1);;Требования технических регламентов;;;Ложь;Рудой Роман Александрович;175737;Истина;
175738;Ложь;;<p>7.6.3 Пожарно-технические характеристики материалов отделки кабин пассажирских и грузовых лифтов, а также ограждающие конструкции (стены, пол, потолок, двери) купе кабин таких лифтов должны соответствовать требованиям, установленным ГОСТ 34305, ГОСТ Р 53296, предъявляемым к лифтам транспортирования пожарных подразделений.</p>;;03.09.2024;;В разработке;Здания и комплексы высотные. Требования пожарной безопасности (с изменением № 1);;Требования технических регламентов;;;Ложь;Рудой Роман Александрович;175738;Истина;
175740;Ложь;;<p>7.6.4 Входы в лифты, расположенные в высотной части здания или комплекса на основных посадочных этажах (назначенных этажах), должны оборудоваться лифтовыми холлами, которые должны соответствовать требованиям 6.1.</p>;;03.09.2024;;В разработке;Здания и комплексы высотные. Требования пожарной безопасности (с изменением № 1);;Требования технических регламентов;;;Ложь;Рудой Роман Александрович;175740;Истина;
175741;Ложь;;<p>8.1 Требования пожарной безопасности к путям эвакуации и эвакуационным выходам должны соответствовать СП 1.13130 применительно к части здания соответствующего класса функциональной пожарной опасности, кроме случаев, установленных настоящим сводом правил.</p><p>Эвакуационные пути и выходы должны быть обеспечены навигационными, фотолюминесцентными, фотоэмиссионными эвакуационными системами согласно требованиям ГОСТ 34428, СП 3.13130 и настоящего свода правил.</p><p><br></p>;;30.07.2020;;В разработке;Здания и комплексы высотные. Требования пожарной безопасности (с изменением № 1);;Требования технических регламентов;;;Ложь;Рудой Роман Александрович;175741;Ложь;
175742;Ложь;;<p>8.2 Проектные решения должны обеспечивать при пожаре беспрепятственную и своевременную эвакуацию людей наружу или в БЗ.</p><p>Требования к устройству и размещению БЗ и их площади принимаются в соответствии с [2] и СП 1.13130.</p><p><br></p>;;30.07.2020;;В разработке;Здания и комплексы высотные. Требования пожарной безопасности (с изменением № 1);;Требования технических регламентов;;;Ложь;Рудой Роман Александрович;175742;Ложь;
175743;Ложь;;<p>8.3 Площадь пожаробезопасной зоны должна быть предусмотрена исходя из максимального количества людей, относящихся к МГН, для которых предусмотрена указанная зона, при условии возможности их маневрирования согласно СП 1.13130.</p><p>Площадь БЗ в жилой части высотных зданий определяется заданием на проектирование, но не менее 1 человека на этаж (этаж секции) при площади не более 550 м2. При большей площади - 3% общей вместимости здания, но не менее 1 места из расчета 20% людей, проживающих на этаже жилой секции.</p><p>Площадь БЗ на этажах в подземной стоянке автомобилей и других помещениях следует принимать по заданию на проектирование, включая не менее одного человека группы мобильности М4.</p><p><br></p>;;30.07.2020;;В разработке;Здания и комплексы высотные. Требования пожарной безопасности (с изменением № 1);;Требования технических регламентов;;;Ложь;Рудой Роман Александрович;175743;Ложь;
175744;Ложь;;"<p>8.4 Эвакуационные выходы с этажей высотных зданий, комплексов следует предусматривать в незадымляемые лестничные клетки.</p><p>В высотных жилых и общественных зданиях следует предусматривать не менее двух незадымляемых лестничных клеток типа Н2 (с подпором воздуха в объем лестничной клетки при пожаре) или типа Н3 (с входом на каждом этаже через тамбур-шлюз, в котором на этаже пожара обеспечивается подпор воздуха) или их комбинации. При этом не менее чем одна из лестничных клеток должна быть предусмотрена незадымляемой типа Н2 с входом на каждом этаже через тамбур-шлюз с подпором воздуха на этаже пожара.</p><p>Выходы из эвакуационных лестничных клеток должны предусматриваться наружу, на прилегающую к зданию территорию. Допускается не более 50% выходов из лестничных клеток предусматривать через общий вестибюль (холл), при этом остальные лестничные клетки должны иметь выход непосредственно наружу.</p><p>При устройстве выхода из лестничных клеток типа Н2, предназначенных для эвакуации из высотной части зданий, комплексов, на уровне основного выхода непосредственно наружу, устройство тамбур-шлюза 1-го типа с подпором воздуха при пожаре не требуется.</p><p>Устройство подпора воздуха в тепловые тамбуры при лестничных клетках на уровнях выхода наружу также не требуется.</p><p>Эвакуационные выходы из подвальных (подземных) этажей зданий следует предусматривать непосредственно наружу, обособленными от общих лестничных клеток надземной части здания.</p><p>Все незадымляемые лестничные клетки должны иметь выходы по лестничным маршам на покрытие здания. Двери выходов на покрытие следует предусматривать противопожарными 1-го типа.</p><p>Лестничные клетки должны быть обеспечены аварийным и эвакуационным освещением, электропитанием по первой категории надежности электроснабжения, а все участки путей эвакуации должны иметь фотолюминесцентные или фотоэмиссионные указатели согласно СП 1.13130; при этом лестничные клетки допускаются без световых проемов в наружных стенах на каждом этаже.</p><p><br></p>";;30.07.2020;;В разработке;Здания и комплексы высотные. Требования пожарной безопасности (с изменением № 1);;Требования технических регламентов;;;Ложь;Рудой Роман Александрович;175744;Ложь;
175745;Ложь;;<p>8.5 Для эвакуации людей с эксплуатируемой кровли пристроенной части стилобата высотного здания, комплекса, используемого в качестве зон рекреации, спорта и отдыха, следует предусматривать наружные открытые лестницы 3-го типа, а также расчетное число выходов в незадымляемые лестничные клетки типа Н2 или Н3 высотной части здания, комплекса.</p>;;30.07.2020;;В разработке;Здания и комплексы высотные. Требования пожарной безопасности (с изменением № 1);;Требования технических регламентов;;;Ложь;Рудой Роман Александрович;175745;Ложь;
175746;Ложь;;"<p>8.6 Ширина пути эвакуации по лестнице, предназначенной для эвакуации людей, в т.ч. расположенной в лестничной клетке, должна быть не менее ширины любого эвакуационного выхода на нее, но не менее, м:</p><p>1,2 - в жилых зданиях;</p><p>1,35 - в зданиях иного назначения.</p><p>Зазор между лестничными маршами должен быть не менее 120 мм (в свету), уклон лестничного марша - не более 1:1,75.</p><p>Зазор между маршами лестниц и между поручнями ограждений лестничных маршей допускается не предусматривать при прокладке в объеме незадымляемых лестничных клеток сухотруба диаметром 80 мм со спаренными пожарными кранами на каждом этаже, выведенными за пределы объема лестничной клетки, оборудованного на уровне первого этажа пожарными соединительными головками DN80; расчетное рабочее давление должно быть не менее 2,0 МПа.</p><p><br></p>";;30.07.2020;;В разработке;Здания и комплексы высотные. Требования пожарной безопасности (с изменением № 1);;Требования технических регламентов;;;Ложь;Рудой Роман Александрович;175746;Ложь;
175747;Ложь;;"<p>8.7 Для высотных зданий с атриумами следует проектировать пути эвакуации согласно требованиям СП 1.13130. Допускается принимать эвакуационными выходы:</p><p>- в коридор, ведущий через пространство атриума или галереи атриума при условии их выделения противопожарными преградами в соответствии с 5.9 в эвакуационные лестничные клетки (непосредственно или через коридор безопасности) или наружу (непосредственно или через коридор безопасности);</p><p>- через пространство атриума с эскалатором (открытой лестницей) или галереи атриума при условии их выделения противопожарными преградами в соответствии с 5.9 в эвакуационные лестничные клетки (непосредственно или через коридор безопасности) или наружу (непосредственно или через коридор безопасности);</p><p>- из помещений, галерей на наружную открытую лестницу (с отметок не выше 18 м);</p><p>- в соседнее помещение, обеспеченное выходами, указанными в нормативных документах по пожарной безопасности.</p><p>Сообщение помещений и коридоров подземной части здания с атриумом допускается только через тамбуры-шлюзы 1-го типа с подпором воздуха при пожаре. Если помещение предназначено для сна (отдыха), то путь эвакуации по горизонтальному проходу от двери этого помещения до защищенного эвакуационного выхода, ведущего к лестничной клетке, должен иметь протяженность не более 30 м. Если помещение не используется для сна (отдыха), протяженность такого прохода должна быть не более 60 м. Проход через атриум из помещений, не выходящих в атриум, путем эвакуации не считается.</p><p><br></p>";;30.07.2020;;В разработке;Здания и комплексы высотные. Требования пожарной безопасности (с изменением № 1);;Требования технических регламентов;;;Ложь;Рудой Роман Александрович;175747;Истина;
175748;Ложь;;"<p>8.8 Коридоры следует разделять перегородками с пределом огнестойкости не ниже EI 45 с заполнением проемов противопожарными дверями не ниже 2-го типа на отсеки длиной, м, не более:</p><p>- 60 - в общем случае;</p><p>- 30 - в жилых зданиях, гостиницах, апартамент-отелях.</p><p>Направление открывания указанных дверей не нормируется.</p><p>Выходы в незадымляемые лестничные клетки здания должны предусматриваться из разных частей коридора высотного здания, разделенных противопожарными перегородками 1-го типа с противопожарными дверями.</p><p><br></p>";;30.07.2020;;В разработке;Здания и комплексы высотные. Требования пожарной безопасности (с изменением № 1);;Требования технических регламентов;;;Ложь;Рудой Роман Александрович;175748;Ложь;
175749;Ложь;;<p>8.9 Пути эвакуации следует предусматривать через поэтажные лифтовые холлы, за исключением лифтовых холлов для транспортирования пожарных подразделений и лифтовых холлов, используемых в качестве безопасных зон.</p>;;30.07.2020;;В разработке;Здания и комплексы высотные. Требования пожарной безопасности (с изменением № 1);;Требования технических регламентов;;;Ложь;Рудой Роман Александрович;175749;Ложь;
175750;Ложь;;"<p>8.10 Расстояние по путям эвакуации от дверей помещений до дверей незадымляемой лестничной клетки типа Н2, тамбура-шлюза перед незадымляемой лестничной клеткой типа Н3 или Н2 следует принимать, м, не более:</p><p>15 - в жилых секциях для квартир, расположенных в тупиковых коридорах, на высоте более 75 м;</p><p>18 - в тупиковых коридорах;</p><p>20 - для помещений с массовым пребыванием людей, расположенных на высоте более 50 м, а также для помещений, рассчитанных на одновременное пребывание более 500 чел.;</p><p>25 - в других случаях.</p><p><br></p>";;30.07.2020;;В разработке;Здания и комплексы высотные. Требования пожарной безопасности (с изменением № 1);;Требования технических регламентов;;;Ложь;Рудой Роман Александрович;175750;Ложь;
175751;Ложь;;<p>8.11 При размещении в составе зданий на высоте более 50 м ресторанов, кафе и других предприятий общественного питания расчетной вместимостью согласно СП 118.13330 более 50 чел. расстояние от дверей этих помещений до входа в незадымляемые лестничные клетки типов Н2 и (или) НЗ не должно превышать 20 м.</p><p>При размещении на эксплуатируемых покрытиях, в т.ч. стилобата, открытых летних ресторанов, кафе, зон рекреации, смотровых и иных площадок с одновременным пребыванием более 50 чел. следует предусматривать не менее двух эвакуационных выходов в незадымляемые лестничные клетки типов Н2 и (или) Н3.</p><p><br></p>;;30.07.2020;;В разработке;Здания и комплексы высотные. Требования пожарной безопасности (с изменением № 1);;Требования технических регламентов;;;Ложь;Рудой Роман Александрович;175751;Ложь;
175752;Ложь;;<p>8.12 Помещения, рассчитанные на одновременное пребывание более 300 чел., должны отделяться от других помещений противопожарными стенами и перекрытиями согласно 6.1. Расстояние от дверей этих помещений до эвакуационных выходов не должно превышать 20 м.</p>;;30.07.2020;;В разработке;Здания и комплексы высотные. Требования пожарной безопасности (с изменением № 1);;Требования технических регламентов;;;Ложь;Рудой Роман Александрович;175752;Ложь;
175753;Ложь;;<p>8.13 Из технических этажей и иных технических пространств, предназначенных только для прокладки инженерных сетей и размещения оборудования, работающего в автоматическом режиме без постоянного присутствия персонала службы эксплуатации, вместо эвакуационных выходов на две незадымляемые лестничные клетки типов Н2 и Н3 допускается предусматривать аварийные выходы, ведущие на пути эвакуации, в том числе через одно смежное помещение, через противопожарные двери размерами не менее 0,75 x 1,5 м или через противопожарные люки размерами не менее 0,8 x 1,2 м с пределом огнестойкости не менее EIS 60.</p>;;30.07.2020;;В разработке;Здания и комплексы высотные. Требования пожарной безопасности (с изменением № 1);;Требования технических регламентов;;;Ложь;Рудой Роман Александрович;175753;Ложь;
175754;Ложь;;"<p>8.14 Здания оснащаются средствами индивидуальной защиты людей при пожаре, а также средствами спасения с высотных уровней (индивидуальными и коллективными) согласно ГОСТ Р 53271, ГОСТ Р 53274, ГОСТ Р 53272 в соответствии с принятыми проектными решениями.</p><p>Средства индивидуальной защиты органов дыхания и зрения следует предусматривать:</p><p>- в помещениях с постоянными рабочими местами (местами нахождения людей), расположенных на высоте более 50 м;</p><p>- в гостиничных номерах;</p><p>- в зонах безопасности.</p><p>Рабочие места персонала, обеспечивающего эвакуацию, необходимо оснащать средствами индивидуальной защиты органов дыхания и зрения, а также средствами локальной защиты от повышенных тепловых воздействий.</p><p>Состав средств защиты определяется исходя из расчетного количества людей, относящихся к МГН, персонала, привлекаемого для обеспечения эвакуации.</p><p><br></p>";;30.07.2020;;В разработке;Здания и комплексы высотные. Требования пожарной безопасности (с изменением № 1);;Требования технических регламентов;;;Ложь;Рудой Роман Александрович;175754;Ложь;
175755;Ложь;;"<p>9.1 Для обеспечения деятельности пожарно-спасательных подразделений необходимо предусматривать проектные решения в соответствии с требованиями [2] и с учетом следующих дополнительных требований:</p><p>- устройство на покрытии зданий, комплексов площадки для транспортно-спасательной кабины пожарного вертолета;</p><p>- устройство на этажах БЗ;</p><p>- устройство объектовых пунктов пожаротушения;</p><p>- оснащение зданий индивидуальными и коллективными средствами защиты и спасения людей при пожаре.</p><p>Примечание - Устройство площадки для транспортно-спасательных кабин пожарного вертолета на покрытии зданий, а также площадки для посадки пожарного вертолета на прилегающей территории являются дополнительными компенсирующими мероприятиями, рекомендуемыми при проектировании и строительстве высотных зданий (при отсутствии площадки следует к нормативному количеству лифтов для транспортирования пожарных подразделений добавлять еще один лифт).</p><p><br></p>";;03.09.2024;;В разработке;Здания и комплексы высотные. Требования пожарной безопасности (с изменением № 1);;Требования технических регламентов;;;Ложь;Рудой Роман Александрович;175755;Истина;
175756;Ложь;;<p>9.2 На крыше зданий следует предусматривать площадку размерами не менее 5 x 5 м для транспортно-спасательной кабины пожарного вертолета (с учетом 9.1). Над указанной площадкой и на расстоянии менее 5 м от нее запрещается размещение антенн, электропроводов, кабелей.</p>;;03.09.2024;;В разработке;Здания и комплексы высотные. Требования пожарной безопасности (с изменением № 1);;Требования технических регламентов;;;Ложь;Рудой Роман Александрович;175756;Истина;
175757;Ложь;;<p>9.3 Объектовые пункты пожаротушения должны располагаться в нижних этажах каждого пожарного отсека надземной части здания. Их оснащение определяется на стадии разработки документа предварительного планирования действий по тушению пожаров и проведению аварийно-спасательных работ. </p><p>Объектовые пункты пожаротушения, расположенные на первых этажах зданий, должны располагаться смежно с помещением пожарного поста (диспетчерской). Объектовые пункты пожаротушения для хранения комплектов резервного противопожарного оборудования (первичных средств пожаротушения, средств индивидуальной защиты, спасательных устройств и другого пожарно-технического вооружения) должны размещаться на первых этажах зданий вблизи от эвакуационных лестничных клеток или выходов из лифтов для транспортирования пожарных подразделений в специальном помещении достаточной площади.</p><p>Объектовые пункты пожаротушения, расположенные в пожарных отсеках, должны размещаться на расстоянии не более 30 м от незадымляемых лестничных клеток типа Н2 или Н3 или лифта для транспортирования пожарных подразделений.</p><p>Допускается устройство объектовых пунктов пожаротушения в помещениях БЗ при условии соблюдения требований СП 59.13330.</p>;;03.09.2024;;В разработке;Здания и комплексы высотные. Требования пожарной безопасности (с изменением № 1);;Требования технических регламентов;;;Ложь;Рудой Роман Александрович;175757;Истина;
175758;Ложь;;"<p>9.4 Проезды и подъезды к высотным зданиям, комплексам должны предусматриваться с учетом следующих требований:</p><p>- подъезд мобильных средств пожаротушения должен быть обеспечен со всех сторон высотного здания, комплекса, включая размеры его встроенно-пристроенной части (стилобата);</p><p>- устройство площадок для мобильных средств пожаротушения, обозначенных соответствующей разметкой и не допускающих размещение других видов автотранспортных средств;</p><p>- расстановка мобильных средств пожаротушения должна обеспечивать согласно требованиям [2] и ПТП доступ личного состава в любое помещение здания (с учетом тактико-технических характеристик таких средств) для спасения людей, а также доставки средств пожаротушения.</p><p><br></p>";;03.09.2024;;В разработке;Здания и комплексы высотные. Требования пожарной безопасности (с изменением № 1);;Требования технических регламентов;;;Ложь;Рудой Роман Александрович;175758;Истина;
175759;Ложь;;"<p>10.1 Для высотного здания, комплекса следует разрабатывать и согласовывать в установленном порядке ПТП (раздел ""Расстановка пожарных подъемных механизмов"").</p>";;30.07.2020;;В разработке;Здания и комплексы высотные. Требования пожарной безопасности (с изменением № 1);;Требования технических регламентов;;;Ложь;Рудой Роман Александрович;175759;Ложь;
175760;Ложь;;"<p>10.2 Состав организационно-технических мероприятий по обеспечению пожарной безопасности:</p><p>- применение продукции, имеющей декларацию о соответствии или документ оценки соответствия;</p><p>- наличие исполнительной документации;</p><p>- соблюдение правил противопожарного режима [3];</p><p>- обеспечение объекта огнетушителями с двукратным запасом согласно [3];</p><p>- ведение журнала технической эксплуатации здания со сведениями о техническом обслуживании, ремонте, включая СПЗ;</p><p>- обучение мерам пожарной безопасности, а также проведение не реже одного раза в полугодие практических тренировок по отработке действий персонала при эвакуации и спасении людей в случае пожара.</p><p><br></p>";;03.09.2024;;В разработке;Здания и комплексы высотные. Требования пожарной безопасности (с изменением № 1);;Требования технических регламентов;;;Ложь;Рудой Роман Александрович;175760;Истина;
175761;Ложь;;<p>10.3 На планах эвакуации должны быть указаны места размещения БЗ, индивидуальных средств защиты людей при пожаре и их спасения с высотных уровней, пути подхода к таким средствам, их количество и порядок использования.</p>;;03.09.2024;;В разработке;Здания и комплексы высотные. Требования пожарной безопасности (с изменением № 1);;Требования технических регламентов;;;Ложь;Рудой Роман Александрович;175761;Истина;
198561;Ложь;;"<p>7.1.1&nbsp;Пожарная безопасность систем теплоснабжения, отопления (в т.ч. воздушного), вентиляции, кондиционирования и холодоснабжения, а также систем ПДВ должна соответствовать требованиям, установленным в СП 7.13130, СП 60.13330, СП 253.1325800.</p>";;03.09.2024;;В разработке;Здания и комплексы высотные. Требования пожарной безопасности (с изменением № 1);;Требования технических регламентов;;;Ложь;Вашкевич Наталья Александровна;198561;Истина;
198562;Ложь;;"<p>7.2.1&nbsp;Проектирование, монтаж и обслуживание электрооборудования объекта защиты, в том числе систем его противопожарной защиты, а также молниезащиты, должны соответствовать ГОСТ Р 53313, СП 52.13330, СП 253.1325800, СП 256.1325800, СП 6.13130.</p>";;03.09.2024;;В разработке;Здания и комплексы высотные. Требования пожарной безопасности (с изменением № 1);;Требования технических регламентов;;;Ложь;Вашкевич Наталья Александровна;198562;Истина;
198563;Ложь;;"<p>7.3.1&nbsp;Проектирование СПС должно осуществляться в соответствии с [2], СП 484.1311500, СП 486.1311500, СП 253.1325800.</p>";;30.07.2020;;В разработке;Здания и комплексы высотные. Требования пожарной безопасности (с изменением № 1);;Требования технических регламентов;;;Ложь;Вашкевич Наталья Александровна;198563;Ложь;
198564;Ложь;;"<p>7.7.1&nbsp;Проектирование систем пожарной автоматики (СПА) следует осуществлять в соответствии с СП 484.1311500, СП 253.1325800.</p>";;30.07.2020;;В разработке;Здания и комплексы высотные. Требования пожарной безопасности (с изменением № 1);;Требования технических регламентов;;;Ложь;Вашкевич Наталья Александровна;198564;Ложь;
